{"cameraMode":{"drawMode":0,"name":"Shaded","section":"Shading Mode"},"sceneLighting":true,"audioPlay":false,"sceneViewState":{"showFog":true,"showMaterialUpdate":false,"showSkybox":true,"showFlares":true,"showImageEffects":true,"showParticleSystems":true},"in2DMode":false,"pivot":{"x":-59.10621643066406,"y":-32.38489532470703,"z":-86.46102142333985},"rotation":{"x":-0.06896056979894638,"y":0.923258364200592,"z":-0.19765418767929078,"w":-0.3221355974674225},"size":189.66607666015626,"orthographic":false}